entry_name,accession,predicted_groel_class,mass_kDa,description_partial,raw_text_extracted,source
thi2_ecoli,P33636,I,15.6,Thioredoxin 2 (EC 1.8.1.8) (Protein-disulfide,Thioredoxin 2 (EC 1.8.1.8) (Protein-disulfide I 15.6 c.47 1 5 Cytoplasmic. Cytoplasmic O reductase) (Disulfide reductase) (Trx2).,Kerner et al. 2005 Supplemental Table S3
tpx_ecoli,P37901,I,17.7,Thiol peroxidase (EC 1.11.1.-) (Scavengase,Thiol peroxidase (EC 1.11.1.-) (Scavengase I 17.7 c.47 0 4.75 Periplasmic. Unknown O P20).,Kerner et al. 2005 Supplemental Table S3
ptga_ecoli,P08837,I,18.1,"PTS system, glucose-specific IIA component","PTS system, glucose-specific IIA component I 18.1 b.84 0 4.73 Cytoplasmic. Cytoplasmic G (EIIA-GLC) (Glucose- permease IIA component) (Phosphotransferase enzyme II, A component) (EC 2.7.1.69) (EIII-GLC).",Kerner et al. 2005 Supplemental Table S3
faba_ecoli,P18391,I,18.8,3-hydroxydecanoyl-[acyl-carrier-protein],3-hydroxydecanoyl-[acyl-carrier-protein] I 18.8 d.38 1 6.16 Homodimer. Cytoplasmic. Cytoplasmic I dehydratase (EC 4.2.1.60) (Beta- hydroxydecanoyl thioester dehydrase).,Kerner et al. 2005 Supplemental Table S3
ipyr_ecoli,P17288,I,19.6,Inorganic pyrophosphatase (EC 3.6.1.1),Inorganic pyrophosphatase (EC 3.6.1.1) I 19.6 b.40 1 5.03 Homohexamer. Cytoplasmic. Cytoplasmic C (Pyrophosphate phospho- hydrolase) (PPase).,Kerner et al. 2005 Supplemental Table S3
ahpc_ecoli,P26427,I,20.6,Alkyl hydroperoxide reductase subunit C (EC,Alkyl hydroperoxide reductase subunit C (EC I 20.6 c.47 0 5.03 Homodimer (By Cytoplasmic O 1.6.4.-) (Alkyl hydroperoxide reductase protein similarity). C22) (SCRP-23) (Sulfate starvation- induced protein 8) (SSI8).,Kerner et al. 2005 Supplemental Table S3
rrf_ecoli,P16174,I,20.6,Ribosome recycling factor (Ribosome releasing,Ribosome recycling factor (Ribosome releasing I 20.6 d.67 1 6.44 Cytoplasmic. Cytoplasmic J factor) (RRF).,Kerner et al. 2005 Supplemental Table S3
grpe_ecoli,P09372,I,21.8,GrpE protein (HSP-70 cofactor) (Heat shock,GrpE protein (HSP-70 cofactor) (Heat shock I 21.8 b.73 1 4.68 Cytoplasmic O protein B25.3) (HSP24).,Kerner et al. 2005 Supplemental Table S3
deod_ecoli,P09743,I,25.8,Purine nucleoside phosphorylase (EC 2.4.2.1),Purine nucleoside phosphorylase (EC 2.4.2.1) I 25.8 c.56; c.48 0 5.42 Homohexamer. Cytoplasmic F (Inosine phosphorylase) (PNP).,Kerner et al. 2005 Supplemental Table S3
thig_ecoli,P30139,I,26.9,Thiazole biosynthesis protein thiG.,Thiazole biosynthesis protein thiG. I 26.9 c.1 5.36 Cytoplasmic. Cytoplasmic F,Kerner et al. 2005 Supplemental Table S3
deoc_ecoli,P00882,I,27.7,Deoxyribose-phosphate aldolase (EC 4.1.2.4),Deoxyribose-phosphate aldolase (EC 4.1.2.4) I 27.7 c.1 0 5.5 Monomer and homodimer. Cytoplasmic. Cytoplasmic F (Phosphodeoxyriboaldolase) (Deoxyriboaldolase) (DERA).,Kerner et al. 2005 Supplemental Table S3
panb_ecoli,P31057,I,28.2,3-methyl-2-oxobutanoate,3-methyl-2-oxobutanoate I 28.2 c.78; c.1 0 5.15 Hexamer (Potential). Unknown H hydroxymethyltransferase (EC 2.1.2.11) (Ketopantoate hydroxymethyltransferase).,Kerner et al. 2005 Supplemental Table S3
gpma_ecoli,P31217,I,28.4,"2,3-bisphosphoglycerate-dependent","2,3-bisphosphoglycerate-dependent I 28.4 c.60 0 5.86 Homodimer. Unknown G phosphoglycerate mutase (EC 5.4.2.1) (Phosphoglyceromutase) (PGAM) (BPG- dependent PGAM) (dPGM).",Kerner et al. 2005 Supplemental Table S3
efts_ecoli,P02997,I,30.3,Elongation factor Ts (EF-Ts).,Elongation factor Ts (EF-Ts). I 30.3 d.43; a.5 1 5.22 Heterotetramer composed Cytoplasmic. Cytoplasmic J of two EF-Ts.EF-Tu dimer complex.,Kerner et al. 2005 Supplemental Table S3
rbsb_ecoli,P02925,I,31.0,D-ribose-binding periplasmic protein precursor.,D-ribose-binding periplasmic protein precursor. I 31.0 c.93 0 5.99 Periplasmic. Periplasmic G,Kerner et al. 2005 Supplemental Table S3
blat_ecoli,P00810,I,31.5,Beta-lactamase TEM precursor (EC 3.5.2.6),Beta-lactamase TEM precursor (EC 3.5.2.6) I 31.5 e.3 5.46 Periplasmic M (TEM-1) (TEM-2) (TEM-3) (TEM-4) (TEM-5) (TEM-6) (TEM-8/CAZ-2) (TEM-16/CAZ-7) (TEM-24/CAZ-6) (IRT-4) (Penicillinase).,Kerner et al. 2005 Supplemental Table S3
g3p1_ecoli,P06977,I,35.4,Glyceraldehyde 3-phosphate dehydrogenase A,Glyceraldehyde 3-phosphate dehydrogenase A I 35.4 c.2; d.81 1 6.58 Homotetramer. Cytoplasmic. Cytoplasmic G (EC 1.2.1.12) (GAPDH-A).,Kerner et al. 2005 Supplemental Table S3
rpoa_ecoli,P00574,I,36.5,DNA-directed RNA polymerase alpha chain,"DNA-directed RNA polymerase alpha chain I 36.5 a.60; d.74; 4.98 Homodimer. The RNAP Cytoplasmic K (EC 2.7.7.6) (RNAP alpha subunit) d.181 catalytic core consists of 2 (Transcriptase alpha chain) (RNA polymerase alpha, 1 beta, 1 beta' and 1 alpha subunit). omega subunit. When a sigma factor is associated with the core the holoenzyme is formed, which can initiate transcription.",Kerner et al. 2005 Supplemental Table S3
ompa_ecoli,P02934,I,37.2,Outer membrane protein A precursor (Outer,Outer membrane protein A precursor (Outer I 37.2 f.4 0 5.6 Monomer (Probable). Integral Outer Membrane M membrane protein II*). membrane protein. Outer membrane.,Kerner et al. 2005 Supplemental Table S3
ynce_ecoli,P76116,I,38.6,Hypothetical protein yncE precursor.,Hypothetical protein yncE precursor. I 38.6 b.69; b.70; 1 8.8 Unknown S b.68,Kerner et al. 2005 Supplemental Table S3
ompc_ecoli,P06996,I,40.4,Outer membrane protein C precursor (Porin,Outer membrane protein C precursor (Porin I 40.4 f.4 0 4.48 Homotrimer. Integral Outer Membrane M ompC) (Outer membrane protein 1B). membrane protein. Outer membrane.,Kerner et al. 2005 Supplemental Table S3
pgk_ecoli,P11665,I,41.0,Phosphoglycerate kinase (EC 2.7.2.3).,Phosphoglycerate kinase (EC 2.7.2.3). I 41.0 c.86 1 5.08 Monomer. Cytoplasmic. Cytoplasmic G,Kerner et al. 2005 Supplemental Table S3
fabb_ecoli,P14926,I,42.6,3-oxoacyl-[acyl-carrier-protein] synthase I (EC,3-oxoacyl-[acyl-carrier-protein] synthase I (EC I 42.6 c.95 1 5.35 Homodimer. Cytoplasmic. Cytoplasmic I 2.3.1.41) (Beta- ketoacyl-ACP synthase I) (KAS I).,Kerner et al. 2005 Supplemental Table S3
acka_ecoli,P15046,I,43.3,Acetate kinase (EC 2.7.2.1) (Acetokinase).,Acetate kinase (EC 2.7.2.1) (Acetokinase). I 43.3 c.55 1 5.85 Homodimer. Cytoplasmic. Cytoplasmic C,Kerner et al. 2005 Supplemental Table S3
sera_ecoli,P08328,I,44.0,D-3-phosphoglycerate dehydrogenase (EC,D-3-phosphoglycerate dehydrogenase (EC I 44.0 c.2; d.58; 0 5.93 Homotetramer. Cytoplasmic E 1.1.1.95) (PGDH). c.23,Kerner et al. 2005 Supplemental Table S3
glya_ecoli,P00477,I,45.3,Serine hydroxymethyltransferase (EC 2.1.2.1),Serine hydroxymethyltransferase (EC 2.1.2.1) I 45.3 c.67 1 6.03 Homotetramer. Cytoplasmic. Cytoplasmic E (Serine methylase) (SHMT).,Kerner et al. 2005 Supplemental Table S3
eno_ecoli,P08324,I,45.5,Enolase (EC 4.2.1.11) (2-phosphoglycerate,Enolase (EC 4.2.1.11) (2-phosphoglycerate I 45.5 d.54; c.1 5.32 Homodimer. Cytoplasmic. Cytoplasmic G dehydratase) (2-phospho-D-glycerate hydro- lyase).,Kerner et al. 2005 Supplemental Table S3
pura_ecoli,P12283,I,47.2,Adenylosuccinate synthetase (EC 6.3.4.4),Adenylosuccinate synthetase (EC 6.3.4.4) I 47.2 c.37 0 5.32 Homodimer. Cytoplasmic. Cytoplasmic F (IMP--aspartate ligase) (AdSS) (AMPSase).,Kerner et al. 2005 Supplemental Table S3
tig_ecoli,P22257,I,48.2,Trigger factor (TF).,Trigger factor (TF). I 48.2 d.26 0 4.83 Homodimer and monomer. Cytoplasmic O,Kerner et al. 2005 Supplemental Table S3
kpy1_ecoli,P14178,I,50.7,Pyruvate kinase I (EC 2.7.1.40) (PK-1).,Pyruvate kinase I (EC 2.7.1.40) (PK-1). I 50.7 b.58; c.49; 0 5.77 Homotetramer. Unknown G c.1,Kerner et al. 2005 Supplemental Table S3
6pgd_ecoli,P00350,I,51.5,"6-phosphogluconate dehydrogenase,","6-phosphogluconate dehydrogenase, I 51.5 c.2; a.100 0 5.05 Unknown G decarboxylating (EC 1.1.1.44).",Kerner et al. 2005 Supplemental Table S3
syn_ecoli,P17242,I,52.4,Asparaginyl-tRNA synthetase (EC 6.1.1.22),Asparaginyl-tRNA synthetase (EC 6.1.1.22) I 52.4 b.40; 1 5.17 Homodimer. Cytoplasmic. Cytoplasmic J (Asparagine--tRNA ligase) (AsnRS). d.104,Kerner et al. 2005 Supplemental Table S3
oppa_ecoli,P23843,I,60.9,Periplasmic oligopeptide-binding protein,Periplasmic oligopeptide-binding protein I 60.9 c.94 0 5.85 Periplasmic. Periplasmic E precursor.,Kerner et al. 2005 Supplemental Table S3
odp2_ecoli,P06959,I,66.0,Dihydrolipoamide acetyltransferase component,Dihydrolipoamide acetyltransferase component I 66.0 b.84; a.9; 1 5.09 Forms a 24-polypeptide Cytoplasmic C of pyruvate dehydrogenase complex (EC c.43 structural core with Membrane 2.3.1.12) (E2). octahedral symmetry.,Kerner et al. 2005 Supplemental Table S3
cira_ecoli,P17315,I,73.9,Colicin I receptor precursor.,Colicin I receptor precursor. I 73.9 f.4 0 5.03 Outer membrane. Outer Membrane P,Kerner et al. 2005 Supplemental Table S3
pnp_ecoli,P05055,I,77.1,Polyribonucleotide nucleotidyltransferase (EC,Polyribonucleotide nucleotidyltransferase (EC I 77.1 d.51; d.14; 1 5.11 Homotrimer. Cytoplasmic. Cytoplasmic J 2.7.7.8) (Polynucleotide phosphorylase) d.101; (PNPase). d.52; b.40; a.4,Kerner et al. 2005 Supplemental Table S3
efg_ecoli,P02996,I,77.5,Elongation factor G (EF-G).,Elongation factor G (EF-G). I 77.5 d.14; c.37; 1 5.24 Cytoplasmic. Cytoplasmic J d.58; b.43,Kerner et al. 2005 Supplemental Table S3
odp1_ecoli,P06958,I,99.5,Pyruvate dehydrogenase E1 component (EC,Pyruvate dehydrogenase E1 component (EC I 99.5 c.48; c.36 0 5.46 Homodimer. Unknown C 1.2.4.1).,Kerner et al. 2005 Supplemental Table S3
muli_ecoli,P02937,I or II,8.3,Major outer membrane lipoprotein precursor,Major outer membrane lipoprotein precursor I or II 8.3 - 8.12 Attached to the Unknown N (Murein-lipoprotein). outer membrane by a lipid anchor.,Kerner et al. 2005 Supplemental Table S3
if3_ecoli,P02999,I or II,20.6,Translation initiation factor IF-3.,Translation initiation factor IF-3. I or II 20.6 d.15; d.68 1 9.54 Monomer. Cytoplasmic. Cytoplasmic J,Kerner et al. 2005 Supplemental Table S3
yhgi_ecoli,P46847,I or II,21.0,Protein yhgI.,Protein yhgI. I or II 21.0 - 0 4.52 Cytoplasmic O,Kerner et al. 2005 Supplemental Table S3
dldh_ecoli,P00391,I or II,50.6,Dihydrolipoamide dehydrogenase (EC 1.8.1.4),Dihydrolipoamide dehydrogenase (EC 1.8.1.4) I or II 50.6 c.3; d.87; 1 5.79 Homodimer. Cytoplasmic. Cytoplasmic C (E3 component of pyruvate and 2-oxoglutarate c.4 dehydrogenases complexes) (Glycine cleavage system L protein).,Kerner et al. 2005 Supplemental Table S3
ppic_ecoli,P39159,II,10.1,Peptidyl-prolyl cis-trans isomerase C (EC,Peptidyl-prolyl cis-trans isomerase C (EC II 10.1 d.26 0 9.23 Cytoplasmic. Outer Membrane O 5.2.1.8) (PPIase C) (Rotamase C) (Parvulin).,Kerner et al. 2005 Supplemental Table S3
yohl_ecoli,P76424,II,10.1,Hypothetical protein yohL.,Hypothetical protein yohL. II 10.1 - 1 8.79 Cytoplasmic S,Kerner et al. 2005 Supplemental Table S3
ydhd_ecoli,P37010,II,12.9,Protein ydhD.,Protein ydhD. II 12.9 c.47 1 4.75 Unknown O,Kerner et al. 2005 Supplemental Table S3
nikr_ecoli,P28910,II,15.1,Nickel responsive regulator.,Nickel responsive regulator. II 15.1 - 0 5.77 Homotetramer. Cytoplasmic K,Kerner et al. 2005 Supplemental Table S3
yjbq_ecoli,P32698,II,15.7,Hypothetical protein yjbQ.,Hypothetical protein yjbQ. II 15.7 - 0 6.49 Cytoplasmic S,Kerner et al. 2005 Supplemental Table S3
uspg_ecoli,P39177,II,15.9,Universal stress protein G.,Universal stress protein G. II 15.9 c.29 0 6.03 Interacts with groEL. Cytoplasmic T,Kerner et al. 2005 Supplemental Table S3
moac_ecoli,P30747,II,17.3,Molybdenum cofactor biosynthesis protein C.,Molybdenum cofactor biosynthesis protein C. II 17.3 d.58 0 6.58 Homohexamer. Unknown H,Kerner et al. 2005 Supplemental Table S3
yfhp_ecoli,P77484,II,17.3,Hypothetical protein yfhP.,Hypothetical protein yfhP. II 17.3 - 0 6.82 Unknown K,Kerner et al. 2005 Supplemental Table S3
grea_ecoli,P21346,II,17.6,Transcription elongation factor greA,Transcription elongation factor greA II 17.6 a.2; d.26 0 4.71 Cytoplasmic K (Transcript cleavage factor greA).,Kerner et al. 2005 Supplemental Table S3
ppib_ecoli,P23869,II,18.2,Peptidyl-prolyl cis-trans isomerase B (EC,Peptidyl-prolyl cis-trans isomerase B (EC II 18.2 b.62 1 5.51 Cytoplasmic. Cytoplasmic O 5.2.1.8) (PPIase B) (Rotamase B).,Kerner et al. 2005 Supplemental Table S3
moab_ecoli,P30746,II,18.5,Molybdenum cofactor biosynthesis protein B.,Molybdenum cofactor biosynthesis protein B. II 18.5 c.57 0 5.73 Cytoplasmic H,Kerner et al. 2005 Supplemental Table S3
dps_ecoli,P27430,II,18.6,DNA protection during starvation protein.,DNA protection during starvation protein. II 18.6 a.25 0 5.72 Associates into a complex Unknown L of 12 subunits forming two stacked hexameric rings.,Kerner et al. 2005 Supplemental Table S3
nuoe_ecoli,P33601,II,18.6,NADH-quinone oxidoreductase chain E (EC,"NADH-quinone oxidoreductase chain E (EC II 18.6 c.47 5.4 Composed of 13 different Cytoplasmic C 1.6.99.5) (NADH dehydrogenase I, chain E) subunits. Subunits nuoCD, (NDH-1, chain E) (NUO5). E, F, and G constitute the peripheral sector of the complex.",Kerner et al. 2005 Supplemental Table S3
mug_ecoli,P43342,II,18.7,G/U mismatch-specific DNA glycosylase (EC,G/U mismatch-specific DNA glycosylase (EC II 18.7 c.18 0 9.17 Cytoplasmic Cytoplasmic L 3.2.2.-) (Mismatch-specific uracil DNA- (Potential). glycosylase) (UDG).,Kerner et al. 2005 Supplemental Table S3
luxs_ecoli,P45578,II,19.3,S-ribosylhomocysteinase (EC 3.13.1.-),S-ribosylhomocysteinase (EC 3.13.1.-) II 19.3 d.185 5.18 Homodimer (By Cytoplasmic T (Autoinducer-2 production protein LuxS) (AI-2 similarity). synthesis protein).,Kerner et al. 2005 Supplemental Table S3
arok_ecoli,P24167,II,19.4,Shikimate kinase I (EC 2.7.1.71) (SKI).,Shikimate kinase I (EC 2.7.1.71) (SKI). II 19.4 c.37 1 5.26 Cytoplasmic Cytoplasmic E (Probable).,Kerner et al. 2005 Supplemental Table S3
yfbu_ecoli,P76492,II,19.5,Protein yfbU.,Protein yfbU. II 19.5 - 0 6.07 Cytoplasmic S,Kerner et al. 2005 Supplemental Table S3
seqa_ecoli,P36658,II,20.3,SeqA protein.,SeqA protein. II 20.3 - 1 8.82 Cytoplasmic L,Kerner et al. 2005 Supplemental Table S3
nusg_ecoli,P16921,II,20.4,Transcription antitermination protein nusG.,Transcription antitermination protein nusG. II 20.4 - 0 6.33 Cytoplasmic K,Kerner et al. 2005 Supplemental Table S3
rimm_ecoli,P21504,II,20.6,16S rRNA processing protein rimM (21K).,16S rRNA processing protein rimM (21K). II 20.6 - 1 4.61 Cytoplasmic Cytoplasmic J (Potential).,Kerner et al. 2005 Supplemental Table S3
riml_ecoli,P13857,II,20.7,Ribosomal-protein-serine acetyltransferase (EC,Ribosomal-protein-serine acetyltransferase (EC II 20.7 d.108 1 5.86 Cytoplasmic. Cytoplasmic J 2.3.1.-) (Acetylating enzyme for N-terminal of ribosomal protein L7/L12).,Kerner et al. 2005 Supplemental Table S3
nudh_ecoli,Q46930,II,20.8,(Di)nucleoside polyphosphate hydrolase (EC,(Di)nucleoside polyphosphate hydrolase (EC II 20.8 d.113 0 10.05 Monomer. Unknown L 3.6.1.-) (Ap5A pyrophosphatase).,Kerner et al. 2005 Supplemental Table S3
pth_ecoli,P23932,II,21.1,Peptidyl-tRNA hydrolase (EC 3.1.1.29) (PTH).,Peptidyl-tRNA hydrolase (EC 3.1.1.29) (PTH). II 21.1 c.56 1 9.04 Monomer. Cytoplasmic. Cytoplasmic J Membrane,Kerner et al. 2005 Supplemental Table S3
hemg_ecoli,P27863,II,21.2,Protoporphyrinogen oxidase (EC 1.3.3.4),Protoporphyrinogen oxidase (EC 1.3.3.4) II 21.2 c.23 1 9.68 Belongs to a multi-protein Unknown C (PPO). complex.,Kerner et al. 2005 Supplemental Table S3
tehb_ecoli,P25397,II,22.5,Tellurite resistance protein tehB.,Tellurite resistance protein tehB. II 22.5 c.66 0 6.84 Cytoplasmic Cytoplasmic Q (Potential).,Kerner et al. 2005 Supplemental Table S3
yihx_ecoli,P32145,II,22.7,Hypothetical protein yihX.,Hypothetical protein yihX. II 22.7 c.108 0 5.18 Cytoplasmic R,Kerner et al. 2005 Supplemental Table S3
thie_ecoli,P30137,II,23.0,Thiamine-phosphate pyrophosphorylase (EC,Thiamine-phosphate pyrophosphorylase (EC II 23.0 c.1 0 5.54 Unknown H 2.5.1.3) (TMP pyrophosphorylase) (TMP- PPase) (Thiamine-phosphate synthase).,Kerner et al. 2005 Supplemental Table S3
ycio_ecoli,P45847,II,23.2,Protein yciO.,Protein yciO. II 23.2 d.115 0 5.97 Cytoplasmic J,Kerner et al. 2005 Supplemental Table S3
engb_ecoli,P24253,II,23.6,Probable GTP-binding protein engB.,Probable GTP-binding protein engB. II 23.6 c.37 1 6.86 Unknown D,Kerner et al. 2005 Supplemental Table S3
rcsb_ecoli,P14374,II,23.7,Capsular synthesis regulator component B.,Capsular synthesis regulator component B. II 23.7 c.23; a.4 0 6.85 Cytoplasmic T,Kerner et al. 2005 Supplemental Table S3
ycbl_ecoli,P75849,II,23.8,Hypothetical protein ycbL.,Hypothetical protein ycbL. II 23.8 d.157 0 4.95 Unknown R,Kerner et al. 2005 Supplemental Table S3
uvry_ecoli,P07027,II,23.9,Response regulator uvrY.,Response regulator uvrY. II 23.9 c.23; a.4 0 6.53 Cytoplasmic Cytoplasmic T (Probable).,Kerner et al. 2005 Supplemental Table S3
glr2_ecoli,P39811,II,24.4,Glutaredoxin 2 (Grx2).,Glutaredoxin 2 (Grx2). II 24.4 c.47; a.45 0 7.72 Unknown O,Kerner et al. 2005 Supplemental Table S3
yoda_ecoli,P76344,II,24.8,Protein yodA.,Protein yodA. II 24.8 - 0 5.66 Unknown R,Kerner et al. 2005 Supplemental Table S3
yadf_ecoli,P36857,II,25.1,Protein yadF.,Protein yadF. II 25.1 c.53 1 6.16 Cytoplasmic P,Kerner et al. 2005 Supplemental Table S3
ygea_ecoli,P03813,II,25.2,Hypothetical protein ygeA.,Hypothetical protein ygeA. II 25.2 c.78 0 5.09 Cytoplasmic M,Kerner et al. 2005 Supplemental Table S3
inaa_ecoli,P27294,II,25.3,Protein inaA.,Protein inaA. II 25.3 - 0 9.12 Cytoplasmic S,Kerner et al. 2005 Supplemental Table S3
trmh_ecoli,P19396,II,25.3,tRNA (Guanosine-2'-O-)-methyltransferase (EC,tRNA (Guanosine-2'-O-)-methyltransferase (EC II 25.3 c.116 0 6.71 Cytoplasmic Cytoplasmic J 2.1.1.34) (tRNA [GM18] methyltransferase). (Potential).,Kerner et al. 2005 Supplemental Table S3
arad_ecoli,P08203,II,25.5,L-ribulose-5-phosphate 4-epimerase (EC,L-ribulose-5-phosphate 4-epimerase (EC II 25.5 c.74 0 5.73 Unknown G 5.1.3.4) (Phosphoribulose isomerase).,Kerner et al. 2005 Supplemental Table S3
phop_ecoli,P23836,II,25.5,Transcriptional regulatory protein phoP.,Transcriptional regulatory protein phoP. II 25.5 c.23; a.4 0 5.1 Cytoplasmic Cytoplasmic T (Probable).,Kerner et al. 2005 Supplemental Table S3
fabg_ecoli,P25716,II,25.6,3-oxoacyl-[acyl-carrier protein] reductase (EC,3-oxoacyl-[acyl-carrier protein] reductase (EC II 25.6 c.2 1 6.76 Cytoplasmic Q 1.1.1.100) (3-ketoacyl- acyl carrier protein reductase).,Kerner et al. 2005 Supplemental Table S3
proq_ecoli,P45577,II,25.9,ProP effector.,ProP effector. II 25.9 a.136 9.66 Cytoplasmic Unknown T (Potential).,Kerner et al. 2005 Supplemental Table S3
cpxr_ecoli,P16244,II,26.3,Transcriptional regulatory protein cpxR.,Transcriptional regulatory protein cpxR. II 26.3 c.23; a.4 0 5.39 Cytoplasmic Cytoplasmic T (Probable).,Kerner et al. 2005 Supplemental Table S3
pyrf_ecoli,P08244,II,26.4,Orotidine 5'-phosphate decarboxylase (EC,Orotidine 5'-phosphate decarboxylase (EC II 26.4 c.1 1 5.81 Homodimer. Unknown F 4.1.1.23) (OMP decarboxylase) (OMPDCase) (OMPdecase).,Kerner et al. 2005 Supplemental Table S3
ompr_ecoli,P03025,II,27.4,Transcriptional regulatory protein ompR.,Transcriptional regulatory protein ompR. II 27.4 c.23; a.4 0 6.04 Monomer and multimer. Cytoplasmic. Cytoplasmic T,Kerner et al. 2005 Supplemental Table S3
lpxa_ecoli,P10440,II,28.1,Acyl-[acyl-carrier-protein]--UDP-N-,Acyl-[acyl-carrier-protein]--UDP-N- II 28.1 b.81 1 6.63 Homotrimer. Cytoplasmic. Cytoplasmic M acetylglucosamine O-acyltransferase (EC 2.3.1.129) (UDP-N-acetylglucosamine acyltransferase).,Kerner et al. 2005 Supplemental Table S3
ybff_ecoli,P75736,II,28.4,Putative esterase/lipase ybfF (EC 3.1.-.-).,Putative esterase/lipase ybfF (EC 3.1.-.-). II 28.4 c.69 0 5.86 Unknown R,Kerner et al. 2005 Supplemental Table S3
pstb_ecoli,P07655,II,28.9,Phosphate import ATP-binding protein pstB,"Phosphate import ATP-binding protein pstB II 28.9 c.37 0 6.12 The complex is composed Inner membrane- Cytoplasmic P (EC 3.6.3.27) (Phosphate- transporting ATPase) of two ATP-binding associated. Membrane (ABC phosphate transporter). proteins (pstB), two transmembrane proteins (pstC and pstA) and a solute- binding protein (pstS) (Probable).",Kerner et al. 2005 Supplemental Table S3
yjjv_ecoli,P39408,II,28.9,Putative deoxyribonuclease yjjV (EC 3.1.21.-).,Putative deoxyribonuclease yjjV (EC 3.1.21.-). II 28.9 c.1 1 6.14 Cytoplasmic L,Kerner et al. 2005 Supplemental Table S3
cyse_ecoli,P05796,II,29.3,Serine acetyltransferase (EC 2.3.1.30) (SAT).,Serine acetyltransferase (EC 2.3.1.30) (SAT). II 29.3 b.81 1 6.05 Homohexamer. Dimer of a Cytoplasmic. Cytoplasmic E homotrimer.,Kerner et al. 2005 Supplemental Table S3
kdsa_ecoli,P17579,II,30.8,2-dehydro-3-deoxyphosphooctonate aldolase,2-dehydro-3-deoxyphosphooctonate aldolase II 30.8 c.1 0 6.32 Homotrimer. Cytoplasmic. Cytoplasmic M (EC 2.5.1.55) (Phospho-2- dehydro-3- deoxyoctonate aldolase) (3-deoxy-D-manno- octulosonic acid 8- phosphate synthetase) (KDO-8-phosphate synthetase) (KDO 8-P synthase) (KDOPS).,Kerner et al. 2005 Supplemental Table S3
yffs_ecoli,P76550,II,31.0,Hypothetical protein yffS.,Hypothetical protein yffS. II 31.0 - 1 5.45 Cytoplasmic S,Kerner et al. 2005 Supplemental Table S3
ypt2_ecoli,Q99390,II,31.7,Hypothetical 31.7 kDa protein in TRAX-FINO,Hypothetical 31.7 kDa protein in TRAX-FINO II 31.7 c.69 5.37 Unknown R intergenic region (ORFC).,Kerner et al. 2005 Supplemental Table S3
ybbn_ecoli,P77395,II,31.8,Protein ybbN.,Protein ybbN. II 31.8 a.118; 0 4.5 Cytoplasmic O c.47,Kerner et al. 2005 Supplemental Table S3
yijo_ecoli,P32677,II,32.1,Hypothetical transcriptional regulator yijO.,Hypothetical transcriptional regulator yijO. II 32.1 a.4 0 8.34 Cytoplasmic K,Kerner et al. 2005 Supplemental Table S3
ynia_ecoli,P77739,II,32.5,Hypothetical protein yniA.,Hypothetical protein yniA. II 32.5 d.144 4.98 Unknown S,Kerner et al. 2005 Supplemental Table S3
hslo_ecoli,P45803,II,32.5,33 kDa chaperonin (Heat shock protein 33),33 kDa chaperonin (Heat shock protein 33) II 32.5 d.193 4.35 Cytoplasmic. Cytoplasmic O (HSP33).,Kerner et al. 2005 Supplemental Table S3
rlub_ecoli,P37765,II,32.7,Ribosomal large subunit pseudouridine,Ribosomal large subunit pseudouridine II 32.7 d.58; d.66 1 10.03 Cytoplasmic J synthase B (EC 4.2.1.70) (Pseudouridylate synthase) (Uracil hydrolyase).,Kerner et al. 2005 Supplemental Table S3
rob_ecoli,P27292,II,33.1,Right origin-binding protein.,Right origin-binding protein. II 33.1 d.60; a.4 0 6.66 Cytoplasmic K,Kerner et al. 2005 Supplemental Table S3
ycjz_ecoli,P77333,II,33.5,Putative HTH-type transcriptional regulator,Putative HTH-type transcriptional regulator II 33.5 c.94; a.4 0 9.07 Cytoplasmic K ycjZ.,Kerner et al. 2005 Supplemental Table S3
yadb_ecoli,P27305,II,33.6,Hypothetical protein yadB.,Hypothetical protein yadB. II 33.6 c.26 0 6.42 Cytoplasmic J,Kerner et al. 2005 Supplemental Table S3
ydhf_ecoli,P76187,II,33.6,Hypothetical oxidoreductase ydhF (EC 1.-.-.-).,Hypothetical oxidoreductase ydhF (EC 1.-.-.-). II 33.6 c.1 0 5.77 Cytoplasmic R,Kerner et al. 2005 Supplemental Table S3
kprs_ecoli,P08330,II,34.1,Ribose-phosphate pyrophosphokinase (EC,Ribose-phosphate pyrophosphokinase (EC II 34.1 c.61 1 5.23 Cytoplasmic. Cytoplasmic F 2.7.6.1) (RPPK) (Phosphoribosyl pyrophosphate synthetase) (P-Rib-PP synthetase) (PRPP synthetase).,Kerner et al. 2005 Supplemental Table S3
oxyr_ecoli,P11721,II,34.3,Hydrogen peroxide-inducible genes activator,Hydrogen peroxide-inducible genes activator II 34.3 c.94; a.4 0 5.96 Homodimer and Cytoplasmic K (Morphology and auto- aggregation control homotetramer. protein).,Kerner et al. 2005 Supplemental Table S3
yeat_ecoli,P76250,II,34.6,Putative HTH-type transcriptional regulator,Putative HTH-type transcriptional regulator II 34.6 c.94; a.4 6.21 Unknown (This K yeaT. protein may have multiple localization sites.),Kerner et al. 2005 Supplemental Table S3
ybib_ecoli,P30177,II,35.0,Hypothetical protein ybiB.,Hypothetical protein ybiB. II 35.0 a.46 0 6.38 Cytoplasmic E,Kerner et al. 2005 Supplemental Table S3
acca_ecoli,P30867,II,35.1,Acetyl-coenzyme A carboxylase carboxyl,"Acetyl-coenzyme A carboxylase carboxyl II 35.1 - 1 5.76 Acetyl-CoA carboxylase is Cytoplasmic I transferase subunit alpha (EC 6.4.1.2). a heterohexamer of biotin carboxyl carrier protein, biotin carboxylase and the two subunits of carboxyl transferase in a 2:2 complex.",Kerner et al. 2005 Supplemental Table S3
cysb_ecoli,P06613,II,36.2,HTH-type transcriptional regulator cysB (Cys,HTH-type transcriptional regulator cysB (Cys II 36.2 c.94; a.4 0 6.87 Homotetramer (By Cytoplasmic. Cytoplasmic K regulon transcriptional activator). similarity).,Kerner et al. 2005 Supplemental Table S3
dusa_ecoli,P32695,II,36.8,tRNA-dihydrouridine synthase A (EC 1.-.-.-).,tRNA-dihydrouridine synthase A (EC 1.-.-.-). II 36.8 c.1 0 6.06 Cytoplasmic J,Kerner et al. 2005 Supplemental Table S3
mreb_ecoli,P13519,II,37.0,Rod shape-determining protein mreB.,Rod shape-determining protein mreB. II 37.0 c.55 1 5.19 Cytoplasmic D,Kerner et al. 2005 Supplemental Table S3
moaa_ecoli,P30745,II,37.3,Molybdenum cofactor biosynthesis protein A.,Molybdenum cofactor biosynthesis protein A. II 37.3 - 0 8.15 Cytoplasmic H,Kerner et al. 2005 Supplemental Table S3
gatd_ecoli,P37190,II,37.4,Galactitol-1-phosphate 5-dehydrogenase (EC,Galactitol-1-phosphate 5-dehydrogenase (EC II 37.4 c.2; c.66; 1 5.94 Cytoplasmic E 1.1.1.251). b.35,Kerner et al. 2005 Supplemental Table S3
rsmc_ecoli,P39406,II,37.5,Ribosomal RNA small subunit,Ribosomal RNA small subunit II 37.5 c.66 0 6 Unknown J methyltransferase C (EC 2.1.1.52) (rRNA (guanine-N(2)-)-methyltransferase) (16S rRNA m2G1207 methyltransferase).,Kerner et al. 2005 Supplemental Table S3
inh5_ecoli,P76071,II,37.8,Transposase insH for insertion sequence,Transposase insH for insertion sequence II 37.8 - 1 9.56 Cytoplasmic L element IS5Y.,Kerner et al. 2005 Supplemental Table S3
yihe_ecoli,P32127,II,38.1,Hypothetical protein yihE.,Hypothetical protein yihE. II 38.1 d.144 0 4.99 Cytoplasmic R,Kerner et al. 2005 Supplemental Table S3
tas_ecoli,Q46933,II,38.5,Tas protein.,Tas protein. II 38.5 c.1 0 6.27 Unknown C,Kerner et al. 2005 Supplemental Table S3
pyrc_ecoli,P05020,II,38.7,Dihydroorotase (EC 3.5.2.3) (DHOase).,Dihydroorotase (EC 3.5.2.3) (DHOase). II 38.7 c.1 0 5.77 Homodimer. Cytoplasmic F,Kerner et al. 2005 Supplemental Table S3
yghz_ecoli,Q46851,II,38.8,Hypothetical protein yghZ.,Hypothetical protein yghZ. II 38.8 c.1 0 6.72 Unknown C,Kerner et al. 2005 Supplemental Table S3
alf_ecoli,P11604,II,39.0,Fructose-bisphosphate aldolase class II (EC,Fructose-bisphosphate aldolase class II (EC II 39.0 c.1 1 5.52 Homodimer. Unknown G 4.1.2.13) (FBP aldolase).,Kerner et al. 2005 Supplemental Table S3
dcup_ecoli,P29680,II,39.2,Uroporphyrinogen decarboxylase (EC 4.1.1.37),Uroporphyrinogen decarboxylase (EC 4.1.1.37) II 39.2 c.1 1 5.88 Cytoplasmic Unknown H (URO-D) (UPD). (Probable).,Kerner et al. 2005 Supplemental Table S3
insh_ecoli,P03837,II,39.3,Transposase insH for insertion sequence,Transposase insH for insertion sequence II 39.3 - 0 9.58 Cytoplasmic L element IS5.,Kerner et al. 2005 Supplemental Table S3
ompf_ecoli,P02931,II,39.3,Outer membrane protein F precursor (Porin,Outer membrane protein F precursor (Porin II 39.3 f.4 0 4.64 Homotrimer. Integral Outer Membrane M ompF) (Outer membrane protein 1A) (Outer membrane membrane protein IA) (Outer membrane protein. Outer protein B). membrane.,Kerner et al. 2005 Supplemental Table S3
serc_ecoli,P23721,II,39.7,Phosphoserine aminotransferase (EC 2.6.1.52),Phosphoserine aminotransferase (EC 2.6.1.52) II 39.7 c.67 0 5.37 Homodimer. Cytoplasmic. Cytoplasmic H (PSAT).,Kerner et al. 2005 Supplemental Table S3
ybbb_ecoli,P33667,II,41.1,Hypothetical protein ybbB.,Hypothetical protein ybbB. II 41.1 c.46 0 5.93 Unknown R,Kerner et al. 2005 Supplemental Table S3
entc_ecoli,P10377,II,42.9,Isochorismate synthase entC (EC 5.4.99.6),Isochorismate synthase entC (EC 5.4.99.6) II 42.9 d.161 0 5.49 Monomer. Unknown H (Isochorismate mutase).,Kerner et al. 2005 Supplemental Table S3
argm_ecoli,P77581,II,43.7,Succinylornithine transaminase (EC 2.6.1.-),Succinylornithine transaminase (EC 2.6.1.-) II 43.7 c.67 0 5.91 Unknown E (Succinylornithine aminotransferase) (Carbon starvation protein C).,Kerner et al. 2005 Supplemental Table S3
odo2_ecoli,P07016,II,43.9,Dihydrolipoamide succinyltransferase,Dihydrolipoamide succinyltransferase II 43.9 b.84; a.9; 1 5.58 Forms a 24-polypeptide Cytoplasmic C component of 2-oxoglutarate dehydrogenase c.43 structural core with complex (EC 2.3.1.61) (E2). octahedral symmetry.,Kerner et al. 2005 Supplemental Table S3
iscs_ecoli,P39171,II,45.1,Cysteine desulfurase (EC 4.4.1.-) (ThiI,Cysteine desulfurase (EC 4.4.1.-) (ThiI II 45.1 c.67 1 5.94 Cytoplasmic E transpersulfidase) (NifS protein homolog).,Kerner et al. 2005 Supplemental Table S3
glpb_ecoli,P13033,II,45.4,Anaerobic glycerol-3-phosphate dehydrogenase,Anaerobic glycerol-3-phosphate dehydrogenase II 45.4 c.3 0 5.75 Composed of a catalytic Loosely bound to Cytoplasmic E subunit B (EC 1.1.99.5) (G-3-P glpA/B dimer and of the cytoplasmic dehydrogenase). membrane bound glpC. membrane often occurring in vesicles associated with fumarate reductase.,Kerner et al. 2005 Supplemental Table S3
gsa_ecoli,P23893,II,45.4,"Glutamate-1-semialdehyde 2,1-aminomutase","Glutamate-1-semialdehyde 2,1-aminomutase II 45.4 c.67 1 4.73 Homodimer. Cytoplasmic Cytoplasmic H (EC 5.4.3.8) (GSA) (Glutamate-1-semialdehyde (Potential). aminotransferase) (GSA-AT).",Kerner et al. 2005 Supplemental Table S3
yade_ecoli,P31666,II,46.3,Hypothetical protein yadE precursor.,Hypothetical protein yadE precursor. II 46.3 - 0 9.81 Unknown G,Kerner et al. 2005 Supplemental Table S3
avta_ecoli,P09053,II,46.7,Valine--pyruvate aminotransferase (EC,Valine--pyruvate aminotransferase (EC II 46.7 c.67 0 5.65 Homodimer (By Cytoplasmic (By Cytoplasmic E 2.6.1.66) (Transaminase C) (Alanine--valine similarity). similarity). transaminase).,Kerner et al. 2005 Supplemental Table S3
rhlb_ecoli,P24229,II,47.0,ATP-dependent RNA helicase rhlB (EC 3.6.1.-,ATP-dependent RNA helicase rhlB (EC 3.6.1.- II 47.0 c.37 0 7.28 Component of the Unknown L ). degradosome complex. Binds to RNase E and PNPase. Forms multimers.,Kerner et al. 2005 Supplemental Table S3
rho_ecoli,P03002,II,47.0,Transcription termination factor rho.,Transcription termination factor rho. II 47.0 c.37; 6.75 Homohexamer. Cytoplasmic K a.140; b.40,Kerner et al. 2005 Supplemental Table S3
dhna_ecoli,P00393,II,47.2,NADH dehydrogenase (EC 1.6.99.3).,NADH dehydrogenase (EC 1.6.99.3). II 47.2 c.4; c.3 0 8.96 Membrane. Unknown C,Kerner et al. 2005 Supplemental Table S3
cisy_ecoli,P00891,II,48.0,Citrate synthase (EC 2.3.3.1).,Citrate synthase (EC 2.3.3.1). II 48.0 a.103 0 6.21 Homohexamer. Cytoplasmic C,Kerner et al. 2005 Supplemental Table S3
ygaf_ecoli,P37339,II,48.6,Hypothetical protein ygaF.,Hypothetical protein ygaF. II 48.6 c.3 9.16 Unknown R,Kerner et al. 2005 Supplemental Table S3
paak_ecoli,P76085,II,49.0,Phenylacetate-coenzyme A ligase (EC 6.2.1.30),Phenylacetate-coenzyme A ligase (EC 6.2.1.30) II 49.0 e.23 0 6.18 Cytoplasmic H (Phenylacetyl-CoA ligase) (PA-CoA ligase).,Kerner et al. 2005 Supplemental Table S3
nuof_ecoli,P31979,II,49.3,NADH-quinone oxidoreductase chain F (EC,"NADH-quinone oxidoreductase chain F (EC II 49.3 - 0 6.44 Composed of 13 different Cytoplasmic C 1.6.99.5) (NADH dehydrogenase I, chain F) subunits. Subunits nuoCD, (NDH-1, chain F) (NUO6). E, F, and G constitute the peripheral sector of the complex.",Kerner et al. 2005 Supplemental Table S3
accc_ecoli,P24182,II,49.3,Biotin carboxylase (EC 6.3.4.14) (A subunit of,"Biotin carboxylase (EC 6.3.4.14) (A subunit of II 49.3 d.142; c.1; 6.65 Acetyl-CoA carboxylase is Cytoplasmic I acetyl-CoA carboxylase) (EC 6.4.1.2) (ACC). b.84; c.30 a heterohexamer of biotin carboxyl carrier protein, biotin carboxylase and the two subunits of carboxyl transferase in a 2:2 complex.",Kerner et al. 2005 Supplemental Table S3
yegd_ecoli,P36928,II,49.4,Hypothetical chaperone protein yegD.,Hypothetical chaperone protein yegD. II 49.4 c.55 0 5.11 Unknown O,Kerner et al. 2005 Supplemental Table S3
ycaj_ecoli,P45526,II,49.6,Hypothetical protein ycaJ.,Hypothetical protein ycaJ. II 49.6 c.37 0 6 Cytoplasmic L,Kerner et al. 2005 Supplemental Table S3
stha_ecoli,P27306,II,51.4,Soluble pyridine nucleotide transhydrogenase,Soluble pyridine nucleotide transhydrogenase II 51.4 d.87; c.3; 0 6.09 Homooligomer; probable Cytoplasmic. Cytoplasmic C (EC 1.6.1.1) (STH) (NAD(P)(+) c.4; c.2 homooctamer. transhydrogenase [B-specific]).,Kerner et al. 2005 Supplemental Table S3
dcea_ecoli,P80063,II,52.7,Glutamate decarboxylase alpha (EC 4.1.1.15),Glutamate decarboxylase alpha (EC 4.1.1.15) II 52.7 c.67 5.22 Homohexamer. E (GAD-alpha).,Kerner et al. 2005 Supplemental Table S3
tnaa_ecoli,P00913,II,52.8,Tryptophanase (EC 4.1.99.1) (L-tryptophan,Tryptophanase (EC 4.1.99.1) (L-tryptophan II 52.8 c.67 0 5.88 Homotetramer. Cytoplasmic E indole-lyase) (TNase).,Kerner et al. 2005 Supplemental Table S3
ydcr_ecoli,P77730,II,52.8,Hypothetical protein ydcR.,Hypothetical protein ydcR. II 52.8 a.4; c.67 0 8.85 Cytoplasmic K,Kerner et al. 2005 Supplemental Table S3
pcnb_ecoli,P13685,II,54.7,Poly(A) polymerase (EC 2.7.7.19) (PAP),"Poly(A) polymerase (EC 2.7.7.19) (PAP) II 54.7 - 0 9.68 Monomer. Interacts with Cytoplasmic J (Plasmid copy number protein). csdA, rhlE and srmB.",Kerner et al. 2005 Supplemental Table S3
mgla_ecoli,P23199,II,56.4,Galactoside transport ATP-binding protein,Galactoside transport ATP-binding protein II 56.4 c.37 0 7.21 Inner membrane- Cytoplasmic G mglA. associated Membrane (Potential).,Kerner et al. 2005 Supplemental Table S3
typa_ecoli,P32132,II,65.4,GTP-binding protein typA/BipA (Tyrosine,GTP-binding protein typA/BipA (Tyrosine II 65.4 c.37; d.58; 0 5.1 Unknown (This N phosphorylated protein A). b.43 protein may have multiple localization sites.),Kerner et al. 2005 Supplemental Table S3
nucd_ecoli,P33599,II,68.7,NADH-quinone oxidoreductase chain C/D (EC,"NADH-quinone oxidoreductase chain C/D (EC II 68.7 e.18 0 5.98 Composed of 13 different Cytoplasmic C 1.6.99.5) (NADH dehydrogenase I, chain C/D) subunits. Subunits nuoCD, (NDH-1, chain C/D) (NUO3/NUO4). E, F, and G constitute the peripheral sector of the complex.",Kerner et al. 2005 Supplemental Table S3
dnak_ecoli,P04475,II,69.0,Chaperone protein dnaK (Heat shock protein,Chaperone protein dnaK (Heat shock protein II 69.0 e.20; c.55 1 4.83 Cytoplasmic O 70) (Heat shock 70 kDa protein) (HSP70).,Kerner et al. 2005 Supplemental Table S3
gida_ecoli,P17112,II,69.5,Glucose inhibited division protein A.,Glucose inhibited division protein A. II 69.5 c.2; c.4; 0 6.2 Cytoplasmic D c.3,Kerner et al. 2005 Supplemental Table S3
ydcp_ecoli,P76104,II,72.7,Putative protease ydcP precursor (EC 3.4.-.-).,Putative protease ydcP precursor (EC 3.4.-.-). II 72.7 - 0 6.69 Unknown O,Kerner et al. 2005 Supplemental Table S3
syt_ecoli,P00955,II,74.0,Threonyl-tRNA synthetase (EC 6.1.1.3),Threonyl-tRNA synthetase (EC 6.1.1.3) II 74.0 d.66; c.51; 1 5.8 Homodimer. Cytoplasmic. Cytoplasmic J (Threonine--tRNA ligase) (ThrRS). d.67; d.104,Kerner et al. 2005 Supplemental Table S3
spot_ecoli,P17580,II,79.3,"Guanosine-3',5'-bis(Diphosphate) 3'-","Guanosine-3',5'-bis(Diphosphate) 3'- II 79.3 d.66 8.89 Cytoplasmic T pyrophosphohydrolase (EC 3.1.7.2) ((ppGpp)ase) (Penta-phosphate guanosine-3'- pyrophosphohydrolase).",Kerner et al. 2005 Supplemental Table S3
lon_ecoli,P08177,II,87.4,ATP-dependent protease La (EC 3.4.21.53).,ATP-dependent protease La (EC 3.4.21.53). II 87.4 c.37 0 6.01 Homotetramer. Cytoplasmic. Cytoplasmic O,Kerner et al. 2005 Supplemental Table S3
rnr_ecoli,P21499,II,92.1,Ribonuclease R (EC 3.1.-.-) (RNase R) (VacB,Ribonuclease R (EC 3.1.-.-) (RNase R) (VacB II 92.1 b.40 0 8.78 Monomer. Cytoplasmic K protein).,Kerner et al. 2005 Supplemental Table S3
adhe_ecoli,P17547,II,96.0,Aldehyde-alcohol dehydrogenase [Includes:,Aldehyde-alcohol dehydrogenase [Includes: II 96.0 c.82; e.22 0 6.33 Seems to form a rod Cytoplasmic C Alcohol dehydrogenase (EC 1.1.1.1) (ADH) shaped polymer composed Acetaldehyde dehydrogenase [acetylating] (EC of about 40 identical 1.2.1.10) (ACDH) Pyruvate-formate-lyase subunits. deactivase (PFL deactivase)].,Kerner et al. 2005 Supplemental Table S3
gyra_ecoli,P09097,II,97.0,DNA gyrase subunit A (EC 5.99.1.3).,DNA gyrase subunit A (EC 5.99.1.3). II 97.0 e.11 1 5.09 Made up of two chains. Cytoplasmic L The A chain is responsible for DNA breakage and rejoining; the B chain catalyzes ATP hydrolysis. The enzyme forms an A2B2 tetramer.,Kerner et al. 2005 Supplemental Table S3
if2_ecoli,P02995,II,97.4,Translation initiation factor IF-2.,Translation initiation factor IF-2. II 97.4 c.37; 1 5.8 Cytoplasmic. Cytoplasmic J a.114; c.20; b.43,Kerner et al. 2005 Supplemental Table S3
glnd_ecoli,P27249,II,102.4,[Protein-PII] uridylyltransferase (EC 2.7.7.59),[Protein-PII] uridylyltransferase (EC 2.7.7.59) II 102.4 - 1 6.22 Cytoplasmic O (PII uridylyl- transferase) (Uridylyl removing Membrane enzyme) (UTase).,Kerner et al. 2005 Supplemental Table S3
odo1_ecoli,P07015,II,105.1,2-oxoglutarate dehydrogenase E1 component,2-oxoglutarate dehydrogenase E1 component II 105.1 c.36 1 6.04 Homodimer. Cytoplasmic C (EC 1.2.4.2) (Alpha- ketoglutarate dehydrogenase).,Kerner et al. 2005 Supplemental Table S3
pur4_ecoli,P15254,II,141.4,Phosphoribosylformylglycinamidine synthase,Phosphoribosylformylglycinamidine synthase II 141.4 c.23 0 5.23 Monomer. Cytoplasmic. Unknown F (EC 6.3.5.3) (FGAM synthase) (FGAMS) (Formylglycinamide ribotide amidotransferase) (FGARAT) (Formylglycinamide ribotide synthetase).,Kerner et al. 2005 Supplemental Table S3
hrpa_ecoli,P43329,II,149.0,ATP-dependent helicase hrpA.,ATP-dependent helicase hrpA. II 149.0 c.37 0 7.89 Cytoplasmic L Membrane,Kerner et al. 2005 Supplemental Table S3
rpob_ecoli,P00575,II,150.6,DNA-directed RNA polymerase beta chain (EC,"DNA-directed RNA polymerase beta chain (EC II 150.6 e.29 1 5.15 The RNAP catalytic core Cytoplasmic K 2.7.7.6) (Transcriptase beta chain) (RNA consists of 2 alpha, 1 beta, polymerase beta subunit). 1 beta' and 1 omega subunit. When a sigma factor is associated with the core the holoenzyme is formed, which can initiate transcription.",Kerner et al. 2005 Supplemental Table S3
rpoc_ecoli,P00577,II,155.2,DNA-directed RNA polymerase beta' chain (EC,"DNA-directed RNA polymerase beta' chain (EC II 155.2 e.29 1 6.67 The RNAP catalytic core Cytoplasmic K 2.7.7.6) (Transcriptase beta' chain) (RNA consists of 2 alpha, 1 beta, polymerase beta' subunit). 1 beta' and 1 omega subunit. When a sigma factor is associated with the core the holoenzyme is formed, which can initiate transcription (By similarity).",Kerner et al. 2005 Supplemental Table S3
ybak_ecoli,P37175,III,17.1,Protein ybaK.,Protein ybaK. III 17.1 d.116 0 9.02 Cytoplasmic S,Kerner et al. 2005 Supplemental Table S3
hlpa_ecoli,P11457,III,17.7,Histone-like protein HLP-1 precursor (DNA-,Histone-like protein HLP-1 precursor (DNA- III 17.7 - 0 9.52 Homotetramer. Either in the Outer Membrane M binding 17 kDa protein). nucleoid (chromatin) or in the outer membrane.,Kerner et al. 2005 Supplemental Table S3
ssrp_ecoli,P32052,III,18.1,SsrA-binding protein (Small protein B).,SsrA-binding protein (Small protein B). III 18.1 b.111 0 9.9 Cytoplasmic Cytoplasmic O (Potential).,Kerner et al. 2005 Supplemental Table S3
rsd_ecoli,P31690,III,18.2,Regulator of sigma D.,Regulator of sigma D. III 18.2 - 1 5.65 Unknown K,Kerner et al. 2005 Supplemental Table S3
ubic_ecoli,P26602,III,18.6,Chorismate--pyruvate lyase (EC 4.-.-.-).,Chorismate--pyruvate lyase (EC 4.-.-.-). III 18.6 d.190 0 7.73 Monomer. Cytoplasmic. Cytoplasmic H,Kerner et al. 2005 Supplemental Table S3
yqab_ecoli,P77475,III,20.8,Hypothetical protein yqaB.,Hypothetical protein yqaB. III 20.8 c.108 0 5.51 Cytoplasmic R,Kerner et al. 2005 Supplemental Table S3
ycfp_ecoli,P75950,III,21.2,Hypothetical protein ycfP.,Hypothetical protein ycfP. III 21.2 - 1 6.13 Cytoplasmic R,Kerner et al. 2005 Supplemental Table S3
rfbc_ecoli,P37745,III,21.3,"dTDP-4-dehydrorhamnose 3,5-epimerase (EC","dTDP-4-dehydrorhamnose 3,5-epimerase (EC III 21.3 b.82 0 5.48 Homodimer (By Cytoplasmic M 5.1.3.13) (dTDP-4-keto-6- deoxyglucose 3,5- similarity). epimerase) (dTDP-L-rhamnose synthetase).",Kerner et al. 2005 Supplemental Table S3
rimj_ecoli,P09454,III,22.7,Ribosomal-protein-alanine acetyltransferase,Ribosomal-protein-alanine acetyltransferase III 22.7 d.108 0 9.2 Cytoplasmic. Cytoplasmic J (EC 2.3.1.128) (Acetylating enzyme for N- terminal of ribosomal protein S5).,Kerner et al. 2005 Supplemental Table S3
yajb_ecoli,P21515,III,23.0,Hypothetical protein yajB.,Hypothetical protein yajB. III 23.0 - 0 5.88 Cytoplasmic S,Kerner et al. 2005 Supplemental Table S3
yqji_ecoli,Q46872,III,23.4,Hypothetical protein yqjI.,Hypothetical protein yqjI. III 23.4 - 0 6.27 Cytoplasmic K,Kerner et al. 2005 Supplemental Table S3
crp_ecoli,P03020,III,23.6,Catabolite gene activator (cAMP receptor,Catabolite gene activator (cAMP receptor III 23.6 b.82; a.4 8.38 Binds DNA as a dimer. Cytoplasmic T protein) (cAMP-regulatory protein).,Kerner et al. 2005 Supplemental Table S3
ftse_ecoli,P10115,III,24.4,Cell division ATP-binding protein ftsE.,Cell division ATP-binding protein ftsE. III 24.4 c.37 1 9.37 Cytoplasmic D Membrane,Kerner et al. 2005 Supplemental Table S3
gch1_ecoli,P27511,III,24.7,GTP cyclohydrolase I (EC 3.5.4.16) (GTP-CH-,"GTP cyclohydrolase I (EC 3.5.4.16) (GTP-CH- III 24.7 d.96 1 6.93 Homodecamer, composed Unknown H I). of a dimer of pentamers.",Kerner et al. 2005 Supplemental Table S3
trmb_ecoli,P32049,III,27.3,tRNA (guanine-N(7)-)-methyltransferase (EC,tRNA (guanine-N(7)-)-methyltransferase (EC III 27.3 c.66 0 6.42 Monomer. Cytoplasmic J 2.1.1.33) (tRNA(m7G46)- methyltransferase).,Kerner et al. 2005 Supplemental Table S3
fucr_ecoli,P11554,III,27.4,L-fucose operon activator.,L-fucose operon activator. III 27.4 a.4; c.35 0 7.75 Cytoplasmic K,Kerner et al. 2005 Supplemental Table S3
pfla_ecoli,P09374,III,28.1,Pyruvate formate-lyase 1 activating enzyme,Pyruvate formate-lyase 1 activating enzyme III 28.1 - 0 6 Cytoplasmic. Cytoplasmic O (EC 1.97.1.4) (PFL- activating enzyme).,Kerner et al. 2005 Supplemental Table S3
trmd_ecoli,P07020,III,28.4,tRNA (Guanine-N(1)-)-methyltransferase (EC,tRNA (Guanine-N(1)-)-methyltransferase (EC III 28.4 - 1 5.5 Monomer. Cytoplasmic Cytoplasmic J 2.1.1.31) (M1G- methyltransferase) (tRNA (Potential). [GM37] methyltransferase).,Kerner et al. 2005 Supplemental Table S3
glcc_ecoli,P52072,III,28.8,Glc operon transcriptional activator.,Glc operon transcriptional activator. III 28.8 a.4 0 9.16 Cytoplasmic K,Kerner et al. 2005 Supplemental Table S3
suhb_ecoli,P22783,III,29.2,Inositol-1-monophosphatase (EC 3.1.3.25),Inositol-1-monophosphatase (EC 3.1.3.25) III 29.2 e.7 1 6.45 Monomer. Cytoplasmic G (IMPase) (Inositol-1- phosphatase) (I-1-Pase).,Kerner et al. 2005 Supplemental Table S3
ycfh_ecoli,P37346,III,29.8,Putative deoxyribonuclease ycfH (EC 3.1.21.-).,Putative deoxyribonuclease ycfH (EC 3.1.21.-). III 29.8 c.1 0 5.19 Cytoplasmic L,Kerner et al. 2005 Supplemental Table S3
yafd_ecoli,P30865,III,30.0,Hypothetical protein yafD.,Hypothetical protein yafD. III 30.0 d.151 0 9.62 Cytoplasmic Unknown S (Potential).,Kerner et al. 2005 Supplemental Table S3
gaty_ecoli,P37192,III,30.8,"Tagatose-1,6-bisphosphate aldolase gatY (EC","Tagatose-1,6-bisphosphate aldolase gatY (EC III 30.8 c.1 0 5.87 Cytoplasmic G 4.1.2.-) (TBPA).",Kerner et al. 2005 Supplemental Table S3
dapa_ecoli,P05640,III,31.3,Dihydrodipicolinate synthase (EC 4.2.1.52),Dihydrodipicolinate synthase (EC 4.2.1.52) III 31.3 c.1 1 5.98 Homotetramer. Cytoplasmic. Unknown E (DHDPS).,Kerner et al. 2005 Supplemental Table S3
amia_ecoli,P36548,III,31.4,Probable N-acetylmuramoyl-L-alanine amidase,Probable N-acetylmuramoyl-L-alanine amidase III 31.4 - 0 9.9 Unknown M amiA precursor (EC 3.5.1.28).,Kerner et al. 2005 Supplemental Table S3
end4_ecoli,P12638,III,31.5,Endonuclease IV (EC 3.1.21.2),Endonuclease IV (EC 3.1.21.2) III 31.5 c.1 0 5.43 Monomer. Cytoplasmic L (Endodeoxyribonuclease IV).,Kerner et al. 2005 Supplemental Table S3
ypt1_ecoli,P29368,III,31.8,Hypothetical 31.7 kDa protein in TRAX-FINO,Hypothetical 31.7 kDa protein in TRAX-FINO III 31.8 c.69 5.49 Unknown R intergenic region.,Kerner et al. 2005 Supplemental Table S3
yneb_ecoli,P76143,III,31.9,Putative aldolase yneB (EC 4.2.1.-).,Putative aldolase yneB (EC 4.2.1.-). III 31.9 c.1 0 6.09 Unknown G,Kerner et al. 2005 Supplemental Table S3
nana_ecoli,P06995,III,32.5,N-acetylneuraminate lyase (EC 4.1.3.3) (N-,N-acetylneuraminate lyase (EC 4.1.3.3) (N- III 32.5 c.1 0 5.62 Homotetramer. Cytoplasmic. Unknown E acetylneuraminic acid aldolase) (N- acetylneuraminate pyruvate-lyase) (Sialic acid lyase) (Sialate lyase) (Sialic acid aldolase) (NALase).,Kerner et al. 2005 Supplemental Table S3
yhbj_ecoli,P33995,III,32.5,Hypothetical UPF0042 protein yhbJ.,Hypothetical UPF0042 protein yhbJ. III 32.5 c.37 0 6.72 Cytoplasmic R,Kerner et al. 2005 Supplemental Table S3
metf_ecoli,P00394,III,33.1,"5,10-methylenetetrahydrofolate reductase (EC","5,10-methylenetetrahydrofolate reductase (EC III 33.1 c.1 0 6 Homotetramer. Cytoplasmic E 1.7.99.5).",Kerner et al. 2005 Supplemental Table S3
arac_ecoli,P03021,III,33.4,Arabinose operon regulatory protein.,Arabinose operon regulatory protein. III 33.4 b.82; a.4 0 6.46 Homodimer. Cytoplasmic. Cytoplasmic K,Kerner et al. 2005 Supplemental Table S3
icia_ecoli,P24194,III,33.5,Chromosome initiation inhibitor (OriC,Chromosome initiation inhibitor (OriC III 33.5 c.94; a.4 0 6.4 Behaves as an homodimer Cytoplasmic K replication inhibitor). in solution.,Kerner et al. 2005 Supplemental Table S3
dusc_ecoli,P33371,III,35.2,tRNA-dihydrouridine synthase C (EC 1.-.-.-).,tRNA-dihydrouridine synthase C (EC 1.-.-.-). III 35.2 c.1 0 6.12 Cytoplasmic J,Kerner et al. 2005 Supplemental Table S3
hem2_ecoli,P15002,III,35.5,Delta-aminolevulinic acid dehydratase (EC,Delta-aminolevulinic acid dehydratase (EC III 35.5 c.1 1 5.25 Homooctamer. Cytoplasmic H 4.2.1.24) (Porphobilinogen synthase) (ALAD) (ALADH).,Kerner et al. 2005 Supplemental Table S3
dusb_ecoli,P25717,III,35.9,tRNA-dihydrouridine synthase B (EC 1.-.-.-).,tRNA-dihydrouridine synthase B (EC 1.-.-.-). III 35.9 c.1 0 6.27 Cytoplasmic J,Kerner et al. 2005 Supplemental Table S3
rluc_ecoli,P23851,III,36.0,Ribosomal large subunit pseudouridine,Ribosomal large subunit pseudouridine III 36.0 d.66; d.58 0 9.85 Cytoplasmic J synthase C (EC 4.2.1.70) (Pseudouridylate synthase) (Uracil hydrolyase).,Kerner et al. 2005 Supplemental Table S3
lipa_ecoli,P25845,III,36.1,Lipoic acid synthetase (Lip-syn) (Lipoate,Lipoic acid synthetase (Lip-syn) (Lipoate III 36.1 - 0 8.08 Monomer or homodimer. Cytoplasmic. Cytoplasmic H synthase).,Kerner et al. 2005 Supplemental Table S3
add_ecoli,P22333,III,36.4,Adenosine deaminase (EC 3.5.4.4) (Adenosine,Adenosine deaminase (EC 3.5.4.4) (Adenosine III 36.4 c.1 0 5.36 Cytoplasmic F aminohydrolase).,Kerner et al. 2005 Supplemental Table S3
yajo_ecoli,P77735,III,36.4,Hypothetical oxidoreductase yajO (EC 1.-.-.-).,Hypothetical oxidoreductase yajO (EC 1.-.-.-). III 36.4 c.1 0 5.19 Cytoplasmic C,Kerner et al. 2005 Supplemental Table S3
ltae_ecoli,P75823,III,36.5,Low-specificity L-threonine aldolase (EC,Low-specificity L-threonine aldolase (EC III 36.5 c.67 0 5.81 Homotetramer (Probable). Unknown E 4.1.2.5) (Low-specificity L- TA).,Kerner et al. 2005 Supplemental Table S3
nagz_ecoli,P75949,III,37.6,Beta-hexosaminidase (EC 3.2.1.52) (N-acetyl-,Beta-hexosaminidase (EC 3.2.1.52) (N-acetyl- III 37.6 c.1 0 5.86 Monomer (Potential). Cytoplasmic. Cytoplasmic G beta-glucosaminidase) (Beta-N- acetylhexosaminidase).,Kerner et al. 2005 Supplemental Table S3
yfif_ecoli,P33635,III,37.8,Hypothetical tRNA/rRNA methyltransferase,Hypothetical tRNA/rRNA methyltransferase III 37.8 c.116 0 8.94 Unknown J yfiF (EC 2.1.1.-).,Kerner et al. 2005 Supplemental Table S3
alf1_ecoli,P71295,III,38.0,Fructose-bisphosphate aldolase class I (EC,Fructose-bisphosphate aldolase class I (EC III 38.0 - 0 6.24 Homooctamer or Cytoplasmic Unknown G 4.1.2.13) (FBP aldolase). homodecamer. (Probable).,Kerner et al. 2005 Supplemental Table S3
ybjs_ecoli,P75821,III,38.1,Hypothetical protein ybjS.,Hypothetical protein ybjS. III 38.1 c.2 1 8.81 Unknown M,Kerner et al. 2005 Supplemental Table S3
alr2_ecoli,P29012,III,38.8,"Alanine racemase, catabolic (EC 5.1.1.1).","Alanine racemase, catabolic (EC 5.1.1.1). III 38.8 c.1; b.49 0 6.56 Cytoplasmic M",Kerner et al. 2005 Supplemental Table S3
yjju_ecoli,P39407,III,39.8,Hypothetical protein yjjU.,Hypothetical protein yjjU. III 39.8 - 0 8.71 Unknown R,Kerner et al. 2005 Supplemental Table S3
dhas_ecoli,P00353,III,40.0,Aspartate-semialdehyde dehydrogenase (EC,Aspartate-semialdehyde dehydrogenase (EC III 40.0 c.2; d.81 1 5.37 Homodimer. Unknown E 1.2.1.11) (ASA dehydrogenase) (ASADH).,Kerner et al. 2005 Supplemental Table S3
his7_ecoli,P06987,III,40.3,Histidine biosynthesis bifunctional protein hisB,Histidine biosynthesis bifunctional protein hisB III 40.3 c.108 0 5.76 Cytoplasmic. Cytoplasmic E [Includes: Histidinol-phosphatase (EC 3.1.3.15) Imidazoleglycerol-phosphate dehydratase (EC 4.2.1.19) (IGPD)].,Kerner et al. 2005 Supplemental Table S3
phol_ecoli,P77349,III,40.7,PhoH-like protein.,PhoH-like protein. III 40.7 - 0 6.24 Cytoplasmic Cytoplasmic T (Potential).,Kerner et al. 2005 Supplemental Table S3
thik_ecoli,P21151,III,40.9,3-ketoacyl-CoA thiolase (EC 2.3.1.16) (Fatty,3-ketoacyl-CoA thiolase (EC 2.3.1.16) (Fatty III 40.9 c.95 0 6.31 Tetramer of two alpha Cytoplasmic. Cytoplasmic I oxidation complex beta subunit) (Beta- chains and two beta ketothiolase) (Acetyl-CoA acyltransferase). chains.,Kerner et al. 2005 Supplemental Table S3
dnaj_ecoli,P08622,III,41.0,Chaperone protein dnaJ (Heat shock protein J),Chaperone protein dnaJ (Heat shock protein J) III 41.0 a.2; b.4; 0 8.03 Homodimer. Cytoplasmic. Cytoplasmic O (HSP40). a.4; a.138; g.54,Kerner et al. 2005 Supplemental Table S3
biof_ecoli,P12998,III,41.6,8-amino-7-oxononanoate synthase (EC,8-amino-7-oxononanoate synthase (EC III 41.6 c.67 0 6.64 Homodimer. Unknown H 2.3.1.47) (AONS) (8-amino-7- ketopelargonate synthase) (7-keto-8-amino-pelargonic acid synthetase) (7-KAP synthetase) (L-alanine-- pimelyl CoA ligase).,Kerner et al. 2005 Supplemental Table S3
metk_ecoli,P04384,III,41.8,S-adenosylmethionine synthetase (EC 2.5.1.6),S-adenosylmethionine synthetase (EC 2.5.1.6) III 41.8 d.130 1 5.1 Homotetramer. Cytoplasmic. Cytoplasmic H (Methionine adenosyltransferase) (AdoMet synthetase) (MAT).,Kerner et al. 2005 Supplemental Table S3
trma_ecoli,P23003,III,42.0,tRNA (Uracil-5-)-methyltransferase (EC,tRNA (Uracil-5-)-methyltransferase (EC III 42.0 0 5.71 Unknown J 2.1.1.35) (tRNA(M-5-U54)- methyltransferase) (RUMT).,Kerner et al. 2005 Supplemental Table S3
rsmd_ecoli,P42596,III,42.3,Putative ribosomal RNA small subunit,Putative ribosomal RNA small subunit III 42.3 c.66 0 6.32 Cytoplasmic J methyltransferase D (EC 2.1.1.52) (rRNA (guanine-N(2)-)-methyltransferase) (16S rRNA m2G966 methyltransferase).,Kerner et al. 2005 Supplemental Table S3
arge_ecoli,P23908,III,42.3,Acetylornithine deacetylase (EC 3.5.1.16),Acetylornithine deacetylase (EC 3.5.1.16) III 42.3 d.58; c.56 5.54 Homodimer. Cytoplasmic Cytoplasmic E (Acetylornithinase) (AO) (N-acetylornithinase) (Probable). (NAO).,Kerner et al. 2005 Supplemental Table S3
lldd_ecoli,P33232,III,42.7,L-lactate dehydrogenase (Cytochrome) (EC,L-lactate dehydrogenase (Cytochrome) (EC III 42.7 c.1 0 6.33 Unknown C 1.1.2.3).,Kerner et al. 2005 Supplemental Table S3
fabf_ecoli,P39435,III,42.9,3-oxoacyl-[acyl-carrier-protein] synthase II (EC,3-oxoacyl-[acyl-carrier-protein] synthase II (EC III 42.9 c.95 0 5.71 Homodimer. Cytoplasmic I 2.3.1.41) (Beta- ketoacyl-ACP synthase II) (KAS II).,Kerner et al. 2005 Supplemental Table S3
phea_ecoli,P07022,III,43.1,P-protein [Includes: Chorismate mutase (EC,P-protein [Includes: Chorismate mutase (EC III 43.1 a.130; 0 6.21 Cytoplasmic. Cytoplasmic E 5.4.99.5) (CM) Prephenate dehydratase (EC d.58 4.2.1.51) (PDT)].,Kerner et al. 2005 Supplemental Table S3
thih_ecoli,P30140,III,43.2,Thiazole biosynthesis protein thiH.,Thiazole biosynthesis protein thiH. III 43.2 - 6.61 Unknown H,Kerner et al. 2005 Supplemental Table S3
ints_ecoli,P37326,III,44.1,Putative prophage CPS-53 integrase.,Putative prophage CPS-53 integrase. III 44.1 d.163 9.4 Cytoplasmic L,Kerner et al. 2005 Supplemental Table S3
csdb_ecoli,P77444,III,44.4,Selenocysteine lyase (EC 4.4.1.16),Selenocysteine lyase (EC 4.4.1.16) III 44.4 c.67 0 5.89 Homodimer. Unknown E (Selenocysteine reductase) (Selenocysteine beta-lyase) (SCL).,Kerner et al. 2005 Supplemental Table S3
yfbq_ecoli,P77727,III,45.5,Probable aminotransferase yfbQ (EC 2.6.1.-).,Probable aminotransferase yfbQ (EC 2.6.1.-). III 45.5 c.67 5.85 Homodimer (By Cytoplasmic (By Cytoplasmic E similarity). similarity).,Kerner et al. 2005 Supplemental Table S3
rspa_ecoli,P38104,III,46.0,Starvation sensing protein rspA.,Starvation sensing protein rspA. III 46.0 d.54; c.1 0 5.68 Cytoplasmic H,Kerner et al. 2005 Supplemental Table S3
gatz_ecoli,P37191,III,47.1,Putative tagatose 6-phosphate kinase gatZ (EC,Putative tagatose 6-phosphate kinase gatZ (EC III 47.1 - 0 5.5 Cytoplasmic G 2.7.1.144).,Kerner et al. 2005 Supplemental Table S3
typh_ecoli,P07650,III,47.2,Thymidine phosphorylase (EC 2.4.2.4),Thymidine phosphorylase (EC 2.4.2.4) III 47.2 d.41; a.46; 0 5.21 Homodimer. Unknown F (TdRPase). c.27,Kerner et al. 2005 Supplemental Table S3
dada_ecoli,P29011,III,47.6,D-amino acid dehydrogenase small subunit (EC,D-amino acid dehydrogenase small subunit (EC III 47.6 c.5; d.16; 1 6.17 Heterodimer of a small Inner membrane- Cytoplasmic E 1.4.99.1). c.3; c.4; and a large subunit. bound. c.2,Kerner et al. 2005 Supplemental Table S3
pmba_ecoli,P24231,III,48.4,PmbA protein (TldE protein).,PmbA protein (TldE protein). III 48.4 - 0 5.4 Cytoplasmic. Cytoplasmic O,Kerner et al. 2005 Supplemental Table S3
eutb_ecoli,P19635,III,49.4,Ethanolamine ammonia-lyase heavy chain (EC,Ethanolamine ammonia-lyase heavy chain (EC III 49.4 - 0 4.79 Heterodimer of two Unknown C 4.3.1.7) (Ethanolamine ammonia-lyase large nonidentical chains. subunit).,Kerner et al. 2005 Supplemental Table S3
xyla_ecoli,P00944,III,49.7,Xylose isomerase (EC 5.3.1.5) (D-xylulose,Xylose isomerase (EC 5.3.1.5) (D-xylulose III 49.7 c.1 0 5.75 Homotetramer. Cytoplasmic. Cytoplasmic G keto-isomerase).,Kerner et al. 2005 Supplemental Table S3
rhle_ecoli,P25888,III,50.0,Putative ATP-dependent RNA helicase rhlE.,Putative ATP-dependent RNA helicase rhlE. III 50.0 c.37 0 10.06 Interacts with pcnB. Cytoplasmic L,Kerner et al. 2005 Supplemental Table S3
pepq_ecoli,P21165,III,50.2,Xaa-Pro dipeptidase (EC 3.4.13.9) (X-Pro,Xaa-Pro dipeptidase (EC 3.4.13.9) (X-Pro III 50.2 d.127 0 5.6 Cytoplasmic E dipeptidase) (Proline dipeptidase) (Prolidase) (Imidodipeptidase).,Kerner et al. 2005 Supplemental Table S3
tldd_ecoli,P46473,III,51.4,TldD protein.,TldD protein. III 51.4 - 0 4.93 Cytoplasmic O,Kerner et al. 2005 Supplemental Table S3
uxac_ecoli,P42607,III,54.0,Uronate isomerase (EC 5.3.1.12) (Glucuronate,Uronate isomerase (EC 5.3.1.12) (Glucuronate III 54.0 c.1 5.44 Cytoplasmic G isomerase) (Uronic isomerase).,Kerner et al. 2005 Supplemental Table S3
ampa_ecoli,P11648,III,54.9,Cytosol aminopeptidase (EC 3.4.11.1) (Leucine,Cytosol aminopeptidase (EC 3.4.11.1) (Leucine III 54.9 c.50; c.56 0 6.82 Homohexamer. Cytoplasmic E aminopeptidase) (LAP) (Leucyl aminopeptidase) (Aminopeptidase A/I).,Kerner et al. 2005 Supplemental Table S3
araa_ecoli,P08202,III,56.1,L-arabinose isomerase (EC 5.3.1.4).,L-arabinose isomerase (EC 5.3.1.4). III 56.1 - 0 5.95 Unknown G,Kerner et al. 2005 Supplemental Table S3
aldb_ecoli,P37685,III,56.3,Aldehyde dehydrogenase B (EC 1.2.1.22),Aldehyde dehydrogenase B (EC 1.2.1.22) III 56.3 c.82 5.44 Cytoplasmic C (Lactaldehyde dehydrogenase).,Kerner et al. 2005 Supplemental Table S3
dhsa_ecoli,P10444,III,64.4,Succinate dehydrogenase flavoprotein subunit,"Succinate dehydrogenase flavoprotein subunit III 64.4 a.7; c.3; 0 5.85 Part of an enzyme Unknown (This C (EC 1.3.99.1). d.168 complex containing four protein may have subunits: a flavoprotein, an multiple iron-sulfur, cytochrome b- localization 556, and an hydrophobic sites.) anchor protein.",Kerner et al. 2005 Supplemental Table S3
frda_ecoli,P00363,III,65.8,Fumarate reductase flavoprotein subunit (EC,"Fumarate reductase flavoprotein subunit (EC III 65.8 a.7; c.3; 0 5.87 Fumarate dehydrogenase Periplasmic C 1.3.99.1). d.168 forms part of an enzyme complex containing four subunits: a flavoprotein, an iron-sulfur, and two hydrophobic anchor proteins.",Kerner et al. 2005 Supplemental Table S3
dead_ecoli,P23304,III,70.4,Cold-shock DEAD-box protein A (ATP-,Cold-shock DEAD-box protein A (ATP- III 70.4 c.37 0 8.76 Cytoplasmic Cytoplasmic L dependent RNA helicase deaD). (Probable).,Kerner et al. 2005 Supplemental Table S3
ycby_ecoli,P75864,III,78.9,Hypothetical protein ycbY.,Hypothetical protein ycbY. III 78.9 c.66 0 8.96 Unknown L,Kerner et al. 2005 Supplemental Table S3
parc_ecoli,P20082,III,83.8,Topoisomerase IV subunit A (EC 5.99.1.-).,Topoisomerase IV subunit A (EC 5.99.1.-). III 83.8 e.11 1 6.24 Composed of two Membrane- Cytoplasmic L subunits: parC and parE. associated.,Kerner et al. 2005 Supplemental Table S3
phsm_ecoli,P00490,III,90.3,Maltodextrin phosphorylase (EC 2.4.1.1).,Maltodextrin phosphorylase (EC 2.4.1.1). III 90.3 c.87 0 7.11 Homodimer. Unknown G,Kerner et al. 2005 Supplemental Table S3
